Date,Month,Year,Total VMT (Million),Year To Date VMT (Million),Moving 12-Month VMT (Million),VMT Change Rate(Monthly),VMT Change Rate (Annually)
01/01/1970,Jan,1970,80173.109,80173.109,,,
02/01/1970,Feb,1970,77441.597,157614.706,,,
03/01/1970,Mar,1970,90222.618,247837.324,,,
04/01/1970,Apr,1970,89956.476,337793.8,,,
05/01/1970,May,1970,97971.648,435765.448,,,
06/01/1970,Jun,1970,100035.011,535800.459,,,
07/01/1970,Jul,1970,106392.058,642192.517,,,
08/01/1970,Aug,1970,106968.877,749161.394,,,
09/01/1970,Sep,1970,95254.403,844415.797,,,
10/01/1970,Oct,1970,96317.358,940733.155,,,
11/01/1970,Nov,1970,89683.577,1030416.732,,,
12/01/1970,Dec,1970,89910.802,1120327.534,,,
01/01/1971,Jan,1971,85336.446,85336.446,,,
02/01/1971,Feb,1971,80118.456,165454.902,,,
03/01/1971,Mar,1971,92974.406,258429.308,,,
04/01/1971,Apr,1971,98106.339,356535.647,,,
05/01/1971,May,1971,103654.512,460190.159,,,
06/01/1971,Jun,1971,105432.693,565622.852,,,
07/01/1971,Jul,1971,112465.787,678088.639,,,
08/01/1971,Aug,1971,112642.26,790730.899,,,
09/01/1971,Sep,1971,101289.857,892020.756,,,
10/01/1971,Oct,1971,102524.589,994545.345,,,
11/01/1971,Nov,1971,95555.073,1090100.418,,,
12/01/1971,Dec,1971,95515.222,1185615.64,,,
01/01/1972,Jan,1972,92465.283,92465.283,,,
02/01/1972,Feb,1972,88272.34,180737.623,,,
03/01/1972,Mar,1972,102926.434,283664.057,,,
04/01/1972,Apr,1972,103238.05,386902.107,,,
05/01/1972,May,1972,110944.995,497847.102,,,
06/01/1972,Jun,1972,113265.334,611112.436,,,
07/01/1972,Jul,1972,118594.227,729706.663,,,
08/01/1972,Aug,1972,119912.7,849619.363,,,
09/01/1972,Sep,1972,108072.341,957691.704,,,
10/01/1972,Oct,1972,108840.958,1066532.662,,,
11/01/1972,Nov,1972,100791.177,1167323.839,,,
12/01/1972,Dec,1972,101039.655,1268363.494,,,
01/01/1973,Jan,1973,96664.351,96664.351,,,
02/01/1973,Feb,1973,92566.617,189230.968,,,
03/01/1973,Mar,1973,107490.357,296721.325,,,
04/01/1973,Apr,1973,108119.79,404841.115,,,
05/01/1973,May,1973,114818.524,519659.639,,,
06/01/1973,Jun,1973,115858.615,635518.254,,,
07/01/1973,Jul,1973,121684.755,757203.009,,,
08/01/1973,Aug,1973,124426.407,881629.416,,,
09/01/1973,Sep,1973,110331.665,991961.081,,,
10/01/1973,Oct,1973,113089.098,1105050.179,,,
11/01/1973,Nov,1973,104380.706,1209430.885,,,
12/01/1973,Dec,1973,98856.39,1308287.275,,,
01/01/1974,Jan,1974,95029.955,95029.955,,,
02/01/1974,Feb,1974,86425.87,181455.825,,,
03/01/1974,Mar,1974,100736.488,282192.313,,,
04/01/1974,Apr,1974,104578.888,386771.201,,,
05/01/1974,May,1974,112166.502,498937.703,,,
06/01/1974,Jun,1974,113888.087,612825.79,,,
07/01/1974,Jul,1974,120889.635,733715.425,,,
08/01/1974,Aug,1974,124070.131,857785.556,,,
09/01/1974,Sep,1974,109125.064,966910.62,,,
10/01/1974,Oct,1974,112571.874,1079482.494,,,
11/01/1974,Nov,1974,105079.46,1184561.954,,,
12/01/1974,Dec,1974,105082.501,1289644.455,,,
01/01/1975,Jan,1975,98342.387,98342.387,,,
02/01/1975,Feb,1975,91302.784,189645.171,,,
03/01/1975,Mar,1975,106070.049,295715.22,,,
04/01/1975,Apr,1975,107132.73,402847.95,,,
05/01/1975,May,1975,116658.743,519506.693,,,
06/01/1975,Jun,1975,118387.857,637894.55,,,
07/01/1975,Jul,1975,124493.35,762387.9,,,
08/01/1975,Aug,1975,126102.685,888490.585,,,
09/01/1975,Sep,1975,111398.756,999889.341,,,
10/01/1975,Oct,1975,115249.662,1115139.003,,,
11/01/1975,Nov,1975,106989.59,1222128.593,,,
12/01/1975,Dec,1975,107944.783,1330073.376,,,
01/01/1976,Jan,1976,102460.083,102460.083,,,
02/01/1976,Feb,1976,98527.691,200987.774,,,
03/01/1976,Mar,1976,114283.743,315271.517,,,
04/01/1976,Apr,1976,117013.716,432285.233,,,
05/01/1976,May,1976,123278.412,555563.645,,,
06/01/1976,Jun,1976,124127.938,679691.583,,,
07/01/1976,Jul,1976,130890.541,810582.124,,,
08/01/1976,Aug,1976,131913.069,942495.193,,,
09/01/1976,Sep,1976,119431.11,1061926.303,,,
10/01/1976,Oct,1976,121209.85,1183136.153,,,
11/01/1976,Nov,1976,112996.156,1296132.309,,,
12/01/1976,Dec,1976,113030.074,1409162.383,,,
01/01/1977,Jan,1977,102445.094,102445.094,,,
02/01/1977,Feb,1977,102415.759,204860.853,,,
03/01/1977,Mar,1977,119960.116,324820.969,,,
04/01/1977,Apr,1977,121513.181,446334.15,,,
05/01/1977,May,1977,128883.61,575217.76,,,
06/01/1977,Jun,1977,129320.862,704538.622,,,
07/01/1977,Jul,1977,136198.628,840737.25,,,
08/01/1977,Aug,1977,136336.795,977074.045,,,
09/01/1977,Sep,1977,124203.306,1101277.351,,,
10/01/1977,Oct,1977,127387.603,1228664.954,,,
11/01/1977,Nov,1977,118486.079,1347151.033,,,
12/01/1977,Dec,1977,116256.638,1463407.671,,,
01/01/1978,Jan,1978,109837.753,109837.753,,,
02/01/1978,Feb,1978,107017.565,216855.318,,,
03/01/1978,Mar,1978,125034.824,341890.142,,,
04/01/1978,Apr,1978,122740.721,464630.863,,,
05/01/1978,May,1978,134426.516,599057.379,,,
06/01/1978,Jun,1978,138882.993,737940.372,,,
07/01/1978,Jul,1978,148209.193,886149.565,,,
08/01/1978,Aug,1978,149461.33,1035610.895,,,
09/01/1978,Sep,1978,131385.011,1166995.906,,,
10/01/1978,Oct,1978,132929.942,1299925.848,,,
11/01/1978,Nov,1978,123690.222,1423616.07,,,
12/01/1978,Dec,1978,124595.336,1548211.406,,,
01/01/1979,Jan,1979,114354.0,114354.0,1552727659.0,,
02/01/1979,Feb,1979,109650.0,224004.0,1555360219.0,0.17,
03/01/1979,Mar,1979,131406.0,355410.0,1561731528.0,0.41,
04/01/1979,Apr,1979,129539.0,484950.0,1568530057.0,0.44,
05/01/1979,May,1979,132394.0,617344.0,1566497586.0,-0.13,
06/01/1979,Jun,1979,131192.0,748536.0,1558806941.0,-0.49,
07/01/1979,Jul,1979,134853.0,883389.0,1545451070.0,-0.86,
08/01/1979,Aug,1979,139942.0,1023331.0,1535931300.0,-0.62,
09/01/1979,Sep,1979,127576.0,1150907.0,1532122455.0,-0.25,
10/01/1979,Oct,1979,131619.0,1282526.0,1530811.0,-99.9,
11/01/1979,Nov,1979,123381.0,1405906.0,1530502.0,-0.02,
12/01/1979,Dec,1979,123226.0,1529132.0,1529132.0,-0.09,
01/01/1980,Jan,1980,116462.0,116462.0,1531241.0,0.14,-99.9
02/01/1980,Feb,1980,107338.0,223800.0,1528928.0,-0.15,-99.9
03/01/1980,Mar,1980,125179.0,348980.0,1522702.0,-0.41,-99.9
04/01/1980,Apr,1980,125698.0,474678.0,1518861.0,-0.25,-99.9
05/01/1980,May,1980,131269.0,605946.0,1517735.0,-0.07,-99.9
06/01/1980,Jun,1980,131679.0,737625.0,1518222.0,0.03,-99.9
07/01/1980,Jul,1980,136250.0,873876.0,1519619.0,0.09,-99.9
08/01/1980,Aug,1980,138666.0,1012541.0,1518343.0,-0.08,-99.9
09/01/1980,Sep,1980,127482.0,1140023.0,1518249.0,-0.01,-99.9
10/01/1980,Oct,1980,132615.0,1272638.0,1519245.0,0.07,-0.76
11/01/1980,Nov,1980,123420.0,1396059.0,1519285.0,0.0,-0.73
12/01/1980,Dec,1980,124798.0,1520856.0,1520856.0,0.1,-0.54
01/01/1981,Jan,1981,116049.0,116049.0,1520443.0,-0.03,-0.71
02/01/1981,Feb,1981,109765.0,225814.0,1522870.0,0.16,-0.4
03/01/1981,Mar,1981,127798.0,353612.0,1525489.0,0.17,0.18
04/01/1981,Apr,1981,128465.0,482077.0,1528256.0,0.18,0.62
05/01/1981,May,1981,134305.0,616382.0,1531292.0,0.2,0.89
06/01/1981,Jun,1981,135545.0,751927.0,1535158.0,0.25,1.12
07/01/1981,Jul,1981,141253.0,893180.0,1540161.0,0.33,1.35
08/01/1981,Aug,1981,143464.0,1036644.0,1544959.0,0.31,1.75
09/01/1981,Sep,1981,131185.0,1167829.0,1548662.0,0.24,2.0
10/01/1981,Oct,1981,133216.0,1301044.0,1549262.0,0.04,1.98
11/01/1981,Nov,1981,124804.0,1425848.0,1550646.0,0.09,2.06
12/01/1981,Dec,1981,124421.0,1550269.0,1550269.0,-0.02,1.93
01/01/1982,Jan,1982,109757.0,109757.0,1543978.0,-0.41,1.55
02/01/1982,Feb,1982,107512.0,217269.0,1541724.0,-0.15,1.24
03/01/1982,Mar,1982,128182.0,345451.0,1542108.0,0.02,1.09
04/01/1982,Apr,1982,129845.0,475296.0,1543488.0,0.09,1.0
05/01/1982,May,1982,140283.0,615579.0,1549466.0,0.39,1.19
06/01/1982,Jun,1982,142111.0,757690.0,1556032.0,0.42,1.36
07/01/1982,Jul,1982,152200.0,909890.0,1566979.0,0.7,1.74
08/01/1982,Aug,1982,153300.0,1063190.0,1576815.0,0.63,2.06
09/01/1982,Sep,1982,136311.0,1199501.0,1581942.0,0.33,2.15
10/01/1982,Oct,1982,138780.0,1338281.0,1587506.0,0.35,2.47
11/01/1982,Nov,1982,127061.0,1465342.0,1589763.0,0.14,2.52
12/01/1982,Dec,1982,127139.0,1592481.0,1592481.0,0.17,2.72
01/01/1983,Jan,1983,119436.0,119436.0,1602159.0,0.61,3.77
02/01/1983,Feb,1983,111828.0,231263.0,1606475.0,0.27,4.2
03/01/1983,Mar,1983,132814.0,364078.0,1611107.0,0.29,4.47
04/01/1983,Apr,1983,132741.0,496819.0,1614003.0,0.18,4.57
05/01/1983,May,1983,143619.0,640438.0,1617340.0,0.21,4.38
06/01/1983,Jun,1983,146738.0,787177.0,1621968.0,0.29,4.24
07/01/1983,Jul,1983,156823.0,944000.0,1626591.0,0.29,3.8
08/01/1983,Aug,1983,157649.0,1101649.0,1630940.0,0.27,3.43
09/01/1983,Sep,1983,139938.0,1241588.0,1634567.0,0.22,3.33
10/01/1983,Oct,1983,144044.0,1385632.0,1639831.0,0.32,3.3
11/01/1983,Nov,1983,133700.0,1519332.0,1646470.0,0.4,3.57
12/01/1983,Dec,1983,129776.0,1649108.0,1649108.0,0.16,3.56
01/01/1984,Jan,1984,122529.0,122529.0,1652201.0,0.19,3.12
02/01/1984,Feb,1984,117483.0,240013.0,1657857.0,0.34,3.2
03/01/1984,Mar,1984,137307.0,377319.0,1662349.0,0.27,3.18
04/01/1984,Apr,1984,141327.0,518647.0,1670936.0,0.52,3.53
05/01/1984,May,1984,151046.0,669693.0,1678363.0,0.44,3.77
06/01/1984,Jun,1984,153403.0,823096.0,1685027.0,0.4,3.89
07/01/1984,Jul,1984,161702.0,984798.0,1689906.0,0.29,3.89
08/01/1984,Aug,1984,164920.0,1149718.0,1697177.0,0.43,4.06
09/01/1984,Sep,1984,146074.0,1295792.0,1703312.0,0.36,4.21
10/01/1984,Oct,1984,147610.0,1443403.0,1706878.0,0.21,4.09
11/01/1984,Nov,1984,137272.0,1580675.0,1710451.0,0.21,3.89
12/01/1984,Dec,1984,136095.0,1716770.0,1716770.0,0.37,4.1
01/01/1985,Jan,1985,124122.0,124122.0,1718362.0,0.09,4.0
02/01/1985,Feb,1985,119367.0,243488.0,1720246.0,0.11,3.76
03/01/1985,Mar,1985,144424.0,387912.0,1727363.0,0.41,3.91
04/01/1985,Apr,1985,147635.0,535547.0,1733671.0,0.37,3.75
05/01/1985,May,1985,156726.0,692273.0,1739350.0,0.33,3.63
06/01/1985,Jun,1985,158703.0,850976.0,1744650.0,0.3,3.54
07/01/1985,Jul,1985,166881.0,1017858.0,1749830.0,0.3,3.55
08/01/1985,Aug,1985,169437.0,1187295.0,1754347.0,0.26,3.37
09/01/1985,Sep,1985,150424.0,1337720.0,1758697.0,0.25,3.25
10/01/1985,Oct,1985,154587.0,1492306.0,1765674.0,0.4,3.44
11/01/1985,Nov,1985,140872.0,1633179.0,1769274.0,0.2,3.44
12/01/1985,Dec,1985,141584.0,1774763.0,1774763.0,0.31,3.38
01/01/1986,Jan,1986,132998.0,132998.0,1783639.0,0.5,3.8
02/01/1986,Feb,1986,123526.0,256524.0,1787798.0,0.23,3.93
03/01/1986,Mar,1986,151183.0,407707.0,1794558.0,0.38,3.89
04/01/1986,Apr,1986,150277.0,557984.0,1797200.0,0.15,3.66
05/01/1986,May,1986,160459.0,718443.0,1800933.0,0.21,3.54
06/01/1986,Jun,1986,162370.0,880813.0,1804600.0,0.2,3.44
07/01/1986,Jul,1986,171114.0,1051927.0,1808832.0,0.23,3.37
08/01/1986,Aug,1986,173977.0,1225904.0,1813371.0,0.25,3.36
09/01/1986,Sep,1986,155462.0,1381366.0,1818409.0,0.28,3.4
10/01/1986,Oct,1986,159434.0,1540799.0,1823255.0,0.27,3.26
11/01/1986,Nov,1986,147813.0,1688612.0,1830196.0,0.38,3.44
12/01/1986,Dec,1986,149628.0,1838240.0,1838240.0,0.44,3.58
01/01/1987,Jan,1987,139918.0,139918.0,1845160.0,0.38,3.45
02/01/1987,Feb,1987,135996.0,275914.0,1857631.0,0.68,3.91
03/01/1987,Mar,1987,157573.0,433488.0,1864021.0,0.34,3.87
04/01/1987,Apr,1987,159801.0,593289.0,1873545.0,0.51,4.25
05/01/1987,May,1987,167776.0,761065.0,1880862.0,0.39,4.44
06/01/1987,Jun,1987,167826.0,928892.0,1886319.0,0.29,4.53
07/01/1987,Jul,1987,175783.0,1104674.0,1890987.0,0.25,4.54
08/01/1987,Aug,1987,177378.0,1282053.0,1894389.0,0.18,4.47
09/01/1987,Sep,1987,164184.0,1446236.0,1903111.0,0.46,4.66
10/01/1987,Oct,1987,166836.0,1613072.0,1910513.0,0.39,4.79
11/01/1987,Nov,1987,155676.0,1768748.0,1918376.0,0.41,4.82
12/01/1987,Dec,1987,155580.0,1924328.0,1924328.0,0.31,4.68
01/01/1988,Jan,1988,148879.0,148879.0,1933289.0,0.47,4.78
02/01/1988,Feb,1988,141748.0,290627.0,1939041.0,0.3,4.38
03/01/1988,Mar,1988,167836.0,458463.0,1949303.0,0.53,4.58
04/01/1988,Apr,1988,166804.0,625267.0,1956306.0,0.36,4.42
05/01/1988,May,1988,178042.0,803309.0,1966572.0,0.52,4.56
06/01/1988,Jun,1988,178690.0,981999.0,1977435.0,0.55,4.83
07/01/1988,Jul,1988,184779.0,1166778.0,1986431.0,0.45,5.05
08/01/1988,Aug,1988,184503.0,1351281.0,1993556.0,0.36,5.23
09/01/1988,Sep,1988,171072.0,1522352.0,2000444.0,0.35,5.11
10/01/1988,Oct,1988,175478.0,1697830.0,2009086.0,0.43,5.16
11/01/1988,Nov,1988,162957.0,1860788.0,2016367.0,0.36,5.11
12/01/1988,Dec,1988,164798.0,2025586.0,2025586.0,0.46,5.26
01/01/1989,Jan,1989,159750.0,159750.0,2036457.0,0.54,5.34
02/01/1989,Feb,1989,146732.0,306482.0,2041441.0,0.24,5.28
03/01/1989,Mar,1989,174990.0,481473.0,2048595.0,0.35,5.09
04/01/1989,Apr,1989,174320.0,655793.0,2056112.0,0.37,5.1
05/01/1989,May,1989,184823.0,840616.0,2062893.0,0.33,4.9
06/01/1989,Jun,1989,184094.0,1024710.0,2068297.0,0.26,4.59
07/01/1989,Jul,1989,190985.0,1215695.0,2074503.0,0.3,4.43
08/01/1989,Aug,1989,194172.0,1409867.0,2084172.0,0.47,4.55
09/01/1989,Sep,1989,177326.0,1587193.0,2090426.0,0.3,4.5
10/01/1989,Oct,1989,182583.0,1769776.0,2097531.0,0.34,4.4
11/01/1989,Nov,1989,169735.0,1939510.0,2104309.0,0.32,4.36
12/01/1989,Dec,1989,167530.0,2107040.0,2107040.0,0.13,4.02
01/01/1990,Jan,1990,163600.0,163600.0,2110889.0,0.18,3.65
02/01/1990,Feb,1990,153559.0,317159.0,2117716.0,0.32,3.74
03/01/1990,Mar,1990,178771.0,495930.0,2121497.0,0.18,3.56
04/01/1990,Apr,1990,179033.0,674963.0,2126210.0,0.22,3.41
05/01/1990,May,1990,189247.0,864210.0,2130634.0,0.21,3.28
06/01/1990,Jun,1990,189529.0,1053740.0,2136069.0,0.26,3.28
07/01/1990,Jul,1990,195470.0,1249210.0,2140555.0,0.21,3.18
08/01/1990,Aug,1990,197057.0,1446267.0,2143440.0,0.13,2.84
09/01/1990,Sep,1990,178415.0,1624682.0,2144530.0,0.05,2.59
10/01/1990,Oct,1990,182634.0,1807316.0,2144580.0,0.0,2.24
11/01/1990,Nov,1990,171565.0,1978880.0,2146410.0,0.09,2.0
12/01/1990,Dec,1990,168621.0,2147501.0,2147501.0,0.05,1.92
01/01/1991,Jan,1991,157889.0,157889.0,2141790.0,-0.27,1.46
02/01/1991,Feb,1991,153351.0,311240.0,2141582.0,-0.01,1.13
03/01/1991,Mar,1991,179076.0,490316.0,2141887.0,0.01,0.96
04/01/1991,Apr,1991,179538.0,669854.0,2142392.0,0.02,0.76
05/01/1991,May,1991,191929.0,861783.0,2145074.0,0.13,0.68
06/01/1991,Jun,1991,193467.0,1055250.0,2149011.0,0.18,0.61
07/01/1991,Jul,1991,198387.0,1253637.0,2151928.0,0.14,0.53
08/01/1991,Aug,1991,204063.0,1457700.0,2158934.0,0.33,0.72
09/01/1991,Sep,1991,183594.0,1641294.0,2164112.0,0.24,0.91
10/01/1991,Oct,1991,188445.0,1829739.0,2169924.0,0.27,1.18
11/01/1991,Nov,1991,169693.0,1999432.0,2168052.0,-0.09,1.01
12/01/1991,Dec,1991,172782.0,2172214.0,2172214.0,0.19,1.15
01/01/1992,Jan,1992,167652.0,167652.0,2181977.0,0.45,1.88
02/01/1992,Feb,1992,160204.0,327856.0,2188830.0,0.31,2.21
03/01/1992,Mar,1992,183778.0,511634.0,2193532.0,0.21,2.41
04/01/1992,Apr,1992,186069.0,697702.0,2200062.0,0.3,2.69
05/01/1992,May,1992,196725.0,894428.0,2204858.0,0.22,2.79
06/01/1992,Jun,1992,197232.0,1091660.0,2208624.0,0.17,2.77
07/01/1992,Jul,1992,206616.0,1298275.0,2216853.0,0.37,3.02
08/01/1992,Aug,1992,204753.0,1503029.0,2217543.0,0.03,2.71
09/01/1992,Sep,1992,190908.0,1693936.0,2224857.0,0.33,2.81
10/01/1992,Oct,1992,194836.0,1888773.0,2231248.0,0.29,2.83
11/01/1992,Nov,1992,177380.0,2066153.0,2238935.0,0.34,3.27
12/01/1992,Dec,1992,180999.0,2247152.0,2247152.0,0.37,3.45
01/01/1993,Jan,1993,171680.0,171680.0,2251180.0,0.18,3.17
02/01/1993,Feb,1993,162844.0,334524.0,2253820.0,0.12,2.97
03/01/1993,Mar,1993,187869.0,522393.0,2257911.0,0.18,2.93
04/01/1993,Apr,1993,188737.0,711130.0,2260579.0,0.12,2.75
05/01/1993,May,1993,205981.0,917111.0,2269835.0,0.41,2.95
06/01/1993,Jun,1993,199414.0,1116525.0,2272018.0,0.1,2.87
07/01/1993,Jul,1993,209838.0,1326364.0,2275240.0,0.14,2.63
08/01/1993,Aug,1993,209634.0,1535998.0,2280121.0,0.21,2.82
09/01/1993,Sep,1993,193765.0,1729762.0,2282978.0,0.13,2.61
10/01/1993,Oct,1993,197793.0,1927555.0,2285934.0,0.13,2.45
11/01/1993,Nov,1993,182322.0,2109876.0,2290875.0,0.22,2.32
12/01/1993,Dec,1993,186828.0,2296705.0,2296705.0,0.25,2.21
01/01/1994,Jan,1994,169314.0,169314.0,2294338.0,-0.1,1.92
02/01/1994,Feb,1994,166444.0,335758.0,2297939.0,0.16,1.96
03/01/1994,Mar,1994,196190.0,531948.0,2306260.0,0.36,2.14
04/01/1994,Apr,1994,195407.0,727355.0,2312930.0,0.29,2.32
05/01/1994,May,1994,206594.0,933949.0,2313543.0,0.03,1.93
06/01/1994,Jun,1994,207280.0,1141229.0,2321409.0,0.34,2.17
07/01/1994,Jul,1994,214778.0,1356007.0,2326348.0,0.21,2.25
08/01/1994,Aug,1994,215045.0,1571053.0,2331760.0,0.23,2.26
09/01/1994,Sep,1994,200511.0,1771563.0,2338506.0,0.29,2.43
10/01/1994,Oct,1994,202864.0,1974427.0,2343576.0,0.22,2.52
11/01/1994,Nov,1994,190074.0,2164501.0,2351329.0,0.33,2.64
12/01/1994,Dec,1994,193087.0,2357587.0,2357587.0,0.27,2.65
01/01/1995,Jan,1995,193838.0,193838.0,2382111.0,1.04,3.83
02/01/1995,Feb,1995,171053.0,364891.0,2386720.0,0.19,3.86
03/01/1995,Mar,1995,201227.0,566118.0,2391757.0,0.21,3.71
04/01/1995,Apr,1995,198213.0,764330.0,2394562.0,0.12,3.53
05/01/1995,May,1995,212586.0,976916.0,2400555.0,0.25,3.76
06/01/1995,Jun,1995,211370.0,1188287.0,2404645.0,0.17,3.59
07/01/1995,Jul,1995,217188.0,1405475.0,2407055.0,0.1,3.47
08/01/1995,Aug,1995,219216.0,1624692.0,2411226.0,0.17,3.41
09/01/1995,Sep,1995,203866.0,1828558.0,2414582.0,0.14,3.25
10/01/1995,Oct,1995,206745.0,2035303.0,2418464.0,0.16,3.2
11/01/1995,Nov,1995,194131.0,2229434.0,2422521.0,0.17,3.03
12/01/1995,Dec,1995,193341.0,2422776.0,2422776.0,0.01,2.77
01/01/1996,Jan,1996,183465.0,183465.0,2412403.0,-0.43,1.27
02/01/1996,Feb,1996,176562.0,360027.0,2417911.0,0.23,1.31
03/01/1996,Mar,1996,204172.0,564198.0,2420856.0,0.12,1.22
04/01/1996,Apr,1996,205253.0,769452.0,2427897.0,0.29,1.39
05/01/1996,May,1996,218676.0,988128.0,2433987.0,0.25,1.39
06/01/1996,Jun,1996,215551.0,1203679.0,2438167.0,0.17,1.39
07/01/1996,Jul,1996,225109.0,1428788.0,2446088.0,0.32,1.62
08/01/1996,Aug,1996,229050.0,1657838.0,2455922.0,0.4,1.85
09/01/1996,Sep,1996,207604.0,1865442.0,2459660.0,0.15,1.87
10/01/1996,Oct,1996,215654.0,2081096.0,2468568.0,0.36,2.07
11/01/1996,Nov,1996,199643.0,2280740.0,2474081.0,0.22,2.13
12/01/1996,Dec,1996,201462.0,2482201.0,2482201.0,0.33,2.45
01/01/1997,Jan,1997,190126.0,190126.0,2488862.0,0.27,3.17
02/01/1997,Feb,1997,183950.0,374076.0,2496251.0,0.3,3.24
03/01/1997,Mar,1997,211952.0,586028.0,2504031.0,0.31,3.44
04/01/1997,Apr,1997,211290.0,797319.0,2510068.0,0.24,3.38
05/01/1997,May,1997,226082.0,1023401.0,2517474.0,0.3,3.43
06/01/1997,Jun,1997,222254.0,1245655.0,2524178.0,0.27,3.53
07/01/1997,Jul,1997,236713.0,1482368.0,2535782.0,0.46,3.67
08/01/1997,Aug,1997,233496.0,1715864.0,2540227.0,0.18,3.43
09/01/1997,Sep,1997,213547.0,1929411.0,2546170.0,0.23,3.52
10/01/1997,Oct,1997,221219.0,2150629.0,2551735.0,0.22,3.37
11/01/1997,Nov,1997,202422.0,2353051.0,2554513.0,0.11,3.25
12/01/1997,Dec,1997,207322.0,2560373.0,2560373.0,0.23,3.15
01/01/1998,Jan,1998,196870.0,196870.0,2567117.0,0.26,3.14
02/01/1998,Feb,1998,187167.0,384037.0,2570334.0,0.13,2.97
03/01/1998,Mar,1998,214222.0,598259.0,2572603.0,0.09,2.74
04/01/1998,Apr,1998,217921.0,816180.0,2579234.0,0.26,2.76
05/01/1998,May,1998,227899.0,1044079.0,2581051.0,0.07,2.53
06/01/1998,Jun,1998,228733.0,1272811.0,2587529.0,0.25,2.51
07/01/1998,Jul,1998,239944.0,1512756.0,2590760.0,0.12,2.17
08/01/1998,Aug,1998,237143.0,1749898.0,2594407.0,0.14,2.13
09/01/1998,Sep,1998,219461.0,1969360.0,2600322.0,0.23,2.13
10/01/1998,Oct,1998,228523.0,2197882.0,2607626.0,0.28,2.19
11/01/1998,Nov,1998,211178.0,2409060.0,2616382.0,0.34,2.42
12/01/1998,Dec,1998,216303.0,2625363.0,2625363.0,0.34,2.54
01/01/1999,Jan,1999,193581.0,193581.0,2622074.0,-0.13,2.14
02/01/1999,Feb,1999,191485.0,385067.0,2626392.0,0.16,2.18
03/01/1999,Mar,1999,220763.0,605830.0,2632934.0,0.25,2.35
04/01/1999,Apr,1999,220996.0,826825.0,2636008.0,0.12,2.2
05/01/1999,May,1999,230786.0,1057611.0,2638895.0,0.11,2.24
06/01/1999,Jun,1999,235970.0,1293581.0,2646133.0,0.27,2.26
07/01/1999,Jul,1999,243116.0,1536698.0,2649305.0,0.12,2.26
08/01/1999,Aug,1999,241503.0,1778200.0,2653665.0,0.16,2.28
09/01/1999,Sep,1999,224306.0,2002507.0,2658510.0,0.18,2.24
10/01/1999,Oct,1999,233631.0,2236138.0,2663619.0,0.19,2.15
11/01/1999,Nov,1999,221856.0,2457994.0,2674296.0,0.4,2.21
12/01/1999,Dec,1999,221465.0,2679459.0,2679459.0,0.19,2.06
01/01/2000,Jan,2000,203442.0,203442.0,2689319.0,0.37,2.56
02/01/2000,Feb,2000,199261.0,402703.0,2697095.0,0.29,2.69
03/01/2000,Mar,2000,232490.0,635193.0,2708822.0,0.43,2.88
04/01/2000,Apr,2000,227698.0,862891.0,2715525.0,0.25,3.02
05/01/2000,May,2000,242501.0,1105392.0,2727240.0,0.43,3.35
06/01/2000,Jun,2000,242963.0,1348355.0,2734232.0,0.26,3.33
07/01/2000,Jul,2000,245140.0,1593494.0,2736255.0,0.07,3.28
08/01/2000,Aug,2000,247832.0,1841326.0,2742584.0,0.23,3.35
09/01/2000,Sep,2000,227899.0,2069225.0,2746178.0,0.13,3.3
10/01/2000,Oct,2000,236491.0,2305717.0,2749037.0,0.1,3.21
11/01/2000,Nov,2000,222819.0,2528536.0,2750001.0,0.04,2.83
12/01/2000,Dec,2000,218390.0,2746926.0,2746926.0,-0.11,2.52
01/01/2001,Jan,2001,209685.0,209685.0,2753170.0,0.23,2.37
02/01/2001,Feb,2001,200876.0,410562.0,2754784.0,0.06,2.14
03/01/2001,Mar,2001,232587.0,643149.0,2754882.0,0.0,1.7
04/01/2001,Apr,2001,232513.0,875662.0,2759697.0,0.17,1.63
05/01/2001,May,2001,245357.0,1121018.0,2762553.0,0.1,1.29
06/01/2001,Jun,2001,243498.0,1364517.0,2763088.0,0.02,1.06
07/01/2001,Jul,2001,250363.0,1614880.0,2768312.0,0.19,1.17
08/01/2001,Aug,2001,253274.0,1868154.0,2773754.0,0.2,1.14
09/01/2001,Sep,2001,226312.0,2094466.0,2772166.0,-0.06,0.95
10/01/2001,Oct,2001,241050.0,2335516.0,2776725.0,0.16,1.01
11/01/2001,Nov,2001,230511.0,2566027.0,2784417.0,0.28,1.25
12/01/2001,Dec,2001,229584.0,2795611.0,2795611.0,0.4,1.77
01/01/2002,Jan,2002,215215.0,215215.0,2801140.0,0.2,1.74
02/01/2002,Feb,2002,208237.0,423452.0,2808501.0,0.26,1.95
03/01/2002,Mar,2002,236070.0,659522.0,2811984.0,0.12,2.07
04/01/2002,Apr,2002,237226.0,896748.0,2816697.0,0.17,2.07
05/01/2002,May,2002,251746.0,1148494.0,2823086.0,0.23,2.19
06/01/2002,Jun,2002,247868.0,1396362.0,2827457.0,0.15,2.33
07/01/2002,Jul,2002,256392.0,1652755.0,2833486.0,0.21,2.35
08/01/2002,Aug,2002,258666.0,1911420.0,2838877.0,0.19,2.35
09/01/2002,Sep,2002,233625.0,2145045.0,2846190.0,0.26,2.67
10/01/2002,Oct,2002,245556.0,2390601.0,2850696.0,0.16,2.66
11/01/2002,Nov,2002,230648.0,2621249.0,2850833.0,0.0,2.39
12/01/2002,Dec,2002,234260.0,2855509.0,2855509.0,0.16,2.14
01/01/2003,Jan,2003,218534.0,218534.0,2858829.0,0.12,2.06
02/01/2003,Feb,2003,203677.0,422211.0,2854268.0,-0.16,1.63
03/01/2003,Mar,2003,236679.0,658890.0,2854878.0,0.02,1.53
04/01/2003,Apr,2003,239415.0,898305.0,2857067.0,0.08,1.43
05/01/2003,May,2003,253244.0,1151550.0,2858565.0,0.05,1.26
06/01/2003,Jun,2003,252145.0,1403694.0,2862841.0,0.15,1.25
07/01/2003,Jul,2003,262105.0,1665799.0,2868554.0,0.2,1.24
08/01/2003,Aug,2003,260687.0,1926486.0,2870575.0,0.07,1.12
09/01/2003,Sep,2003,237451.0,2163938.0,2874402.0,0.13,0.99
10/01/2003,Oct,2003,254048.0,2417986.0,2882894.0,0.3,1.13
11/01/2003,Nov,2003,233698.0,2651684.0,2885944.0,0.11,1.23
12/01/2003,Dec,2003,238538.0,2890222.0,2890222.0,0.15,1.22
01/01/2004,Jan,2004,222450.0,222450.0,2894137.0,0.14,1.24
02/01/2004,Feb,2004,213709.0,436159.0,2904170.0,0.35,1.75
03/01/2004,Mar,2004,251403.0,687562.0,2918894.0,0.51,2.24
04/01/2004,Apr,2004,250968.0,938530.0,2930447.0,0.4,2.57
05/01/2004,May,2004,257235.0,1195766.0,2934438.0,0.14,2.65
06/01/2004,Jun,2004,257383.0,1453148.0,2939676.0,0.18,2.68
07/01/2004,Jul,2004,265969.0,1719117.0,2943540.0,0.13,2.61
08/01/2004,Aug,2004,262836.0,1981953.0,2945689.0,0.07,2.62
09/01/2004,Sep,2004,243515.0,2225468.0,2951752.0,0.21,2.69
10/01/2004,Oct,2004,254496.0,2479964.0,2952200.0,0.02,2.4
11/01/2004,Nov,2004,239796.0,2719760.0,2958298.0,0.21,2.51
12/01/2004,Dec,2004,245029.0,2964789.0,2964789.0,0.22,2.58
01/01/2005,Jan,2005,224072.0,224072.0,2966412.0,0.05,2.5
02/01/2005,Feb,2005,219970.0,444042.0,2972672.0,0.21,2.36
03/01/2005,Mar,2005,253182.0,697225.0,2974451.0,0.06,1.9
04/01/2005,Apr,2005,250860.0,948085.0,2974344.0,-0.0,1.5
05/01/2005,May,2005,262678.0,1210763.0,2979787.0,0.18,1.55
06/01/2005,Jun,2005,263816.0,1474580.0,2986220.0,0.22,1.58
07/01/2005,Jul,2005,267025.0,1741605.0,2987277.0,0.04,1.49
08/01/2005,Aug,2005,265323.0,2006928.0,2989764.0,0.08,1.5
09/01/2005,Sep,2005,242240.0,2249168.0,2988489.0,-0.04,1.24
10/01/2005,Oct,2005,251419.0,2500587.0,2985412.0,-0.1,1.12
11/01/2005,Nov,2005,243056.0,2743643.0,2988672.0,0.11,1.03
12/01/2005,Dec,2005,245787.0,2989430.0,2989430.0,0.03,0.83
01/01/2006,Jan,2006,233282.0,233282.0,2998640.0,0.31,1.09
02/01/2006,Feb,2006,220711.0,453993.0,2999380.0,0.02,0.9
03/01/2006,Mar,2006,256623.0,710616.0,3002821.0,0.11,0.95
04/01/2006,Apr,2006,250644.0,961260.0,3002605.0,-0.01,0.95
05/01/2006,May,2006,263370.0,1224630.0,3003297.0,0.02,0.79
06/01/2006,Jun,2006,263782.0,1488412.0,3003262.0,-0.0,0.57
07/01/2006,Jul,2006,263421.0,1751833.0,2999658.0,-0.12,0.41
08/01/2006,Aug,2006,265206.0,2017039.0,2999541.0,-0.0,0.33
09/01/2006,Sep,2006,245605.0,2262644.0,3002906.0,0.11,0.48
10/01/2006,Oct,2006,257939.0,2520583.0,3009426.0,0.22,0.8
11/01/2006,Nov,2006,245346.0,2765929.0,3011716.0,0.08,0.77
12/01/2006,Dec,2006,248187.0,3014116.0,3014116.0,0.08,0.83
01/01/2007,Jan,2007,233621.0,233621.0,3014455.0,0.01,0.53
02/01/2007,Feb,2007,219232.0,452854.0,3012977.0,-0.05,0.45
03/01/2007,Mar,2007,259638.0,712492.0,3015992.0,0.1,0.44
04/01/2007,Apr,2007,252595.0,965087.0,3017943.0,0.06,0.51
05/01/2007,May,2007,267574.0,1232661.0,3022147.0,0.14,0.63
06/01/2007,Jun,2007,265374.0,1498035.0,3023739.0,0.05,0.68
07/01/2007,Jul,2007,267106.0,1765140.0,3027424.0,0.12,0.93
08/01/2007,Aug,2007,271225.0,2036366.0,3033442.0,0.2,1.13
09/01/2007,Sep,2007,245965.0,2282330.0,3033802.0,0.01,1.03
10/01/2007,Oct,2007,261423.0,2543753.0,3037286.0,0.11,0.93
11/01/2007,Nov,2007,245787.0,2789541.0,3037728.0,0.01,0.86
12/01/2007,Dec,2007,240281.0,3029822.0,3029822.0,-0.26,0.52
01/01/2008,Jan,2008,232920.0,232920.0,3029121.0,-0.02,0.49
02/01/2008,Feb,2008,221336.0,454256.0,3031224.0,0.07,0.61
03/01/2008,Mar,2008,252343.0,706599.0,3023929.0,-0.24,0.26
04/01/2008,Apr,2008,252088.0,958687.0,3023422.0,-0.02,0.18
05/01/2008,May,2008,261466.0,1220154.0,3017314.0,-0.2,-0.16
06/01/2008,Jun,2008,257484.0,1477638.0,3009425.0,-0.26,-0.47
07/01/2008,Jul,2008,261600.0,1739238.0,3003919.0,-0.18,-0.78
08/01/2008,Aug,2008,260609.0,1999847.0,2993304.0,-0.35,-1.32
09/01/2008,Sep,2008,239607.0,2239454.0,2986946.0,-0.21,-1.54
10/01/2008,Oct,2008,255848.0,2495302.0,2981371.0,-0.19,-1.84
11/01/2008,Nov,2008,236465.0,2731767.0,2972049.0,-0.31,-2.16
12/01/2008,Dec,2008,241742.0,2973509.0,2973509.0,0.05,-1.86
01/01/2009,Jan,2009,225529.0,225529.0,2966118.0,-0.25,-2.08
02/01/2009,Feb,2009,217643.0,443172.0,2962426.0,-0.12,-2.27
03/01/2009,Mar,2009,249741.0,692914.0,2959824.0,-0.09,-2.12
04/01/2009,Apr,2009,251374.0,944288.0,2959110.0,-0.02,-2.13
05/01/2009,May,2009,258276.0,1202563.0,2955919.0,-0.11,-2.03
06/01/2009,Jun,2009,258395.0,1460959.0,2956830.0,0.03,-1.75
07/01/2009,Jul,2009,264472.0,1725431.0,2959702.0,0.1,-1.47
08/01/2009,Aug,2009,260297.0,1985728.0,2959390.0,-0.01,-1.13
09/01/2009,Sep,2009,241970.0,2227698.0,2961753.0,0.08,-0.84
10/01/2009,Oct,2009,252209.0,2479907.0,2958114.0,-0.12,-0.78
11/01/2009,Nov,2009,237264.0,2717170.0,2958912.0,0.03,-0.44
12/01/2009,Dec,2009,239593.0,2956764.0,2956764.0,-0.07,-0.56
01/01/2010,Jan,2010,220839.0,220839.0,2952073.0,-0.16,-0.47
02/01/2010,Feb,2010,210635.0,431473.0,2945064.0,-0.24,-0.59
03/01/2010,Mar,2010,254238.0,685711.0,2949561.0,0.15,-0.35
04/01/2010,Apr,2010,253936.0,939647.0,2952123.0,0.09,-0.24
05/01/2010,May,2010,256927.0,1196574.0,2950774.0,-0.05,-0.17
06/01/2010,Jun,2010,260083.0,1456657.0,2952462.0,0.06,-0.15
07/01/2010,Jul,2010,265315.0,1721972.0,2953305.0,0.03,-0.22
08/01/2010,Aug,2010,263837.0,1985810.0,2956845.0,0.12,-0.09
09/01/2010,Sep,2010,244682.0,2230491.0,2959557.0,0.09,-0.07
10/01/2010,Oct,2010,256395.0,2486887.0,2963744.0,0.14,0.19
11/01/2010,Nov,2010,239579.0,2726466.0,2966059.0,0.08,0.24
12/01/2010,Dec,2010,240800.0,2967266.0,2967266.0,0.04,0.36
01/01/2011,Jan,2011,223790.0,223790.0,2970218.0,0.1,0.61
02/01/2011,Feb,2011,213463.0,437254.0,2973046.0,0.1,0.95
03/01/2011,Mar,2011,253124.0,690378.0,2971933.0,-0.04,0.76
04/01/2011,Apr,2011,249578.0,939956.0,2967575.0,-0.15,0.52
05/01/2011,May,2011,254083.0,1194039.0,2964730.0,-0.1,0.47
06/01/2011,Jun,2011,258350.0,1452389.0,2962998.0,-0.06,0.36
07/01/2011,Jul,2011,260175.0,1712564.0,2957858.0,-0.17,0.15
08/01/2011,Aug,2011,260526.0,1973090.0,2954546.0,-0.11,-0.08
09/01/2011,Sep,2011,242062.0,2215151.0,2951926.0,-0.09,-0.26
10/01/2011,Oct,2011,251906.0,2467057.0,2947437.0,-0.15,-0.55
11/01/2011,Nov,2011,238535.0,2705592.0,2946392.0,-0.04,-0.66
12/01/2011,Dec,2011,244810.0,2950402.0,2950402.0,0.14,-0.57
01/01/2012,Jan,2012,227527.0,227527.0,2954139.0,0.13,-0.54
02/01/2012,Feb,2012,218196.0,445724.0,2958872.0,0.16,-0.48
03/01/2012,Mar,2012,256166.0,701890.0,2961914.0,0.1,-0.34
04/01/2012,Apr,2012,249394.0,951284.0,2961730.0,-0.01,-0.2
05/01/2012,May,2012,260774.0,1212058.0,2968422.0,0.23,0.12
06/01/2012,Jun,2012,260376.0,1472434.0,2970447.0,0.07,0.25
07/01/2012,Jul,2012,260244.0,1732679.0,2970517.0,0.0,0.43
08/01/2012,Aug,2012,264379.0,1997058.0,2974370.0,0.13,0.67
09/01/2012,Sep,2012,238867.0,2235925.0,2971175.0,-0.11,0.65
10/01/2012,Oct,2012,253574.0,2489499.0,2972844.0,0.06,0.86
11/01/2012,Nov,2012,240361.0,2729860.0,2974670.0,0.06,0.96
12/01/2012,Dec,2012,238709.0,2968570.0,2968570.0,-0.21,0.62
01/01/2013,Jan,2013,229419.0,229419.0,2970461.0,0.06,0.55
02/01/2013,Feb,2013,215803.0,445222.0,2968068.0,-0.08,0.31
03/01/2013,Mar,2013,253026.0,698248.0,2964927.0,-0.11,0.1
04/01/2013,Apr,2013,252064.0,950311.0,2967596.0,0.09,0.2
05/01/2013,May,2013,263406.0,1213718.0,2970229.0,0.09,0.06
06/01/2013,Jun,2013,259980.0,1473698.0,2969833.0,-0.01,-0.02
07/01/2013,Jul,2013,263946.0,1737644.0,2973535.0,0.12,0.1
08/01/2013,Aug,2013,268061.0,2005705.0,2977217.0,0.12,0.1
09/01/2013,Sep,2013,242536.0,2248241.0,2980885.0,0.12,0.33
10/01/2013,Oct,2013,258748.0,2506989.0,2986059.0,0.17,0.44
11/01/2013,Nov,2013,240055.0,2747043.0,2985753.0,-0.01,0.37
12/01/2013,Dec,2013,241237.0,2988280.0,2988280.0,0.08,0.66
01/01/2014,Jan,2014,226413.0,226413.0,2985274.0,-0.1,0.5
02/01/2014,Feb,2014,213949.0,440361.0,2983420.0,-0.06,0.52
03/01/2014,Mar,2014,253424.0,693785.0,2983818.0,0.01,0.64
04/01/2014,Apr,2014,256885.0,950670.0,2988639.0,0.16,0.71
05/01/2014,May,2014,266237.0,1216907.0,2991470.0,0.09,0.72
06/01/2014,Jun,2014,263459.0,1480367.0,2994949.0,0.12,0.85
07/01/2014,Jul,2014,270053.0,1750419.0,3001055.0,0.2,0.93
08/01/2014,Aug,2014,268831.0,2019250.0,3001825.0,0.03,0.83
09/01/2014,Sep,2014,247688.0,2266938.0,3006978.0,0.17,0.88
10/01/2014,Oct,2014,265144.0,2532083.0,3013374.0,0.21,0.91
11/01/2014,Nov,2014,241451.0,2773534.0,3014771.0,0.05,0.97
12/01/2014,Dec,2014,252271.0,3025805.0,3025805.0,0.37,1.26
01/01/2015,Jan,2015,233498.0,233498.0,3032890.0,0.23,1.6
02/01/2015,Feb,2015,217220.0,450718.0,3036161.0,0.11,1.77
03/01/2015,Mar,2015,258017.0,708735.0,3040755.0,0.15,1.91
04/01/2015,Apr,2015,262817.0,971552.0,3046686.0,0.2,1.94
05/01/2015,May,2015,270839.0,1242391.0,3051288.0,0.15,2.0
06/01/2015,Jun,2015,270574.0,1512965.0,3058404.0,0.23,2.12
07/01/2015,Jul,2015,278372.0,1791338.0,3066723.0,0.27,2.19
08/01/2015,Aug,2015,272209.0,2063547.0,3070101.0,0.11,2.27
09/01/2015,Sep,2015,255090.0,2318636.0,3077503.0,0.24,2.35
10/01/2015,Oct,2015,268469.0,2587106.0,3080827.0,0.11,2.24
11/01/2015,Nov,2015,248843.0,2835949.0,3088219.0,0.24,2.44
12/01/2015,Dec,2015,259424.0,3095373.0,3095373.0,0.23,2.3
01/01/2016,Jan,2016,239679.0,239679.0,3101553.0,0.2,2.26
02/01/2016,Feb,2016,223011.0,462690.0,3107344.0,0.19,2.34
03/01/2016,Mar,2016,265147.0,727837.0,3114474.0,0.23,2.42
04/01/2016,Apr,2016,269653.0,997490.0,3121310.0,0.22,2.45
05/01/2016,May,2016,277972.0,1275462.0,3128444.0,0.23,2.53
06/01/2016,Jun,2016,276991.0,1552453.0,3134861.0,0.21,2.5
07/01/2016,Jul,2016,285160.0,1837614.0,3141649.0,0.22,2.44
08/01/2016,Aug,2016,279213.0,2116827.0,3148653.0,0.22,2.56
09/01/2016,Sep,2016,262039.0,2378866.0,3155602.0,0.22,2.54
10/01/2016,Oct,2016,275610.0,2654475.0,3162743.0,0.23,2.66
11/01/2016,Nov,2016,255154.0,2909630.0,3169054.0,0.2,2.62
12/01/2016,Dec,2016,264778.0,3174408.0,3174408.0,0.17,2.55
01/01/2017,Jan,2017,242600.0,242600.0,3177329.0,0.09,2.44
02/01/2017,Feb,2017,225644.0,468244.0,3179963.0,0.08,2.34
03/01/2017,Mar,2017,268343.0,736587.0,3183158.0,0.1,2.21
04/01/2017,Apr,2017,272864.0,1009451.0,3186370.0,0.1,2.08
05/01/2017,May,2017,281264.0,1290715.0,3189661.0,0.1,1.96
06/01/2017,Jun,2017,280290.0,1571005.0,3192960.0,0.1,1.85
07/01/2017,Jul,2017,288566.0,1859571.0,3196366.0,0.11,1.74
08/01/2017,Aug,2017,282558.0,2142130.0,3199711.0,0.1,1.62
09/01/2017,Sep,2017,265212.0,2407342.0,3202884.0,0.1,1.5
10/01/2017,Oct,2017,278888.0,2686230.0,3206162.0,0.1,1.37
11/01/2017,Nov,2017,258159.0,2944389.0,3209167.0,0.09,1.27
12/01/2017,Dec,2017,267958.0,3212347.0,3212347.0,0.1,1.2
01/01/2018,Jan,2018,244736.0,244736.0,3214483.0,0.07,1.17
02/01/2018,Feb,2018,227759.0,472496.0,3216598.0,0.07,1.15
03/01/2018,Mar,2018,270705.0,743201.0,3218961.0,0.07,1.12
04/01/2018,Apr,2018,275127.0,1018328.0,3221224.0,0.07,1.09
05/01/2018,May,2018,283713.0,1302041.0,3223673.0,0.08,1.07
06/01/2018,Jun,2018,282648.0,1584690.0,3226032.0,0.07,1.04
07/01/2018,Jul,2018,290989.0,1875678.0,3228454.0,0.08,1.0
08/01/2018,Aug,2018,284989.0,2160667.0,3230885.0,0.08,0.97
09/01/2018,Sep,2018,267434.0,2428101.0,3233107.0,0.07,0.94
10/01/2018,Oct,2018,281382.0,2709483.0,3235601.0,0.08,0.92
11/01/2018,Nov,2018,260473.0,2969956.0,3237915.0,0.07,0.9
12/01/2018,Dec,2018,270370.0,3240327.0,3240327.0,0.07,0.87
01/01/2019,Jan,2019,248927.0,248927.0,3244517.0,0.13,0.93
02/01/2019,Feb,2019,231791.0,480717.0,3248548.0,0.12,0.99
03/01/2019,Mar,2019,272379.0,753097.0,3250222.0,0.05,0.97
04/01/2019,Apr,2019,273413.0,1026509.0,3248508.0,-0.05,0.85
05/01/2019,May,2019,289711.0,1316221.0,3254506.0,0.18,0.96
06/01/2019,Jun,2019,281359.0,1597579.0,3253216.0,-0.04,0.84
07/01/2019,Jul,2019,291520.0,1889100.0,3253748.0,0.02,0.78
08/01/2019,Aug,2019,293308.0,2182408.0,3262068.0,0.26,0.97
09/01/2019,Sep,2019,273319.0,2455727.0,3267953.0,0.18,1.08
10/01/2019,Oct,2019,283961.0,2739689.0,3270533.0,0.08,1.08
11/01/2019,Nov,2019,260326.0,3000015.0,3270385.0,-0.0,1.0
12/01/2019,Dec,2019,261757.0,3261772.0,3261772.0,-0.26,0.66
01/01/2020,Jan,2020,260847.0,260847.0,3273692.0,0.37,0.9
02/01/2020,Feb,2020,242695.0,503542.0,3284596.0,0.33,1.11
03/01/2020,Mar,2020,226638.0,730180.0,3238854.0,-1.39,-0.35
04/01/2020,Apr,2020,167617.0,897797.0,3133059.0,-3.27,-3.55
05/01/2020,May,2020,221006.0,1118803.0,3064354.0,-2.19,-5.84
06/01/2020,Jun,2020,250330.0,1369133.0,3033325.0,-1.01,-6.76
07/01/2020,Jul,2020,265550.0,1634683.0,3007355.0,-0.86,-7.57
08/01/2020,Aug,2020,265060.0,1899743.0,2979106.0,-0.94,-8.67
09/01/2020,Sep,2020,257531.0,2157274.0,2963318.0,-0.53,-9.32
10/01/2020,Oct,2020,266596.0,2423871.0,2945953.0,-0.59,-9.92
11/01/2020,Nov,2020,238300.0,2662171.0,2923927.0,-0.75,-10.59
12/01/2020,Dec,2020,241451.0,2903622.0,2903622.0,-0.69,-10.98
01/01/2021,Jan,2021,224959.0,224959.0,2867734.0,-1.24,-12.4
02/01/2021,Feb,2021,207160.0,432119.0,2832199.0,-1.24,-13.77
03/01/2021,Mar,2021,262065.0,694185.0,2867627.0,1.25,-11.46
04/01/2021,Apr,2021,252218.0,946402.0,2952227.0,2.95,-5.77
05/01/2021,May,2021,276639.0,1223041.0,3007860.0,1.88,-1.84
06/01/2021,Jun,2021,279209.0,1502250.0,3036739.0,0.96,0.11
07/01/2021,Jul,2021,288443.0,1790693.0,3059632.0,0.75,1.74
08/01/2021,Aug,2021,279596.0,2070289.0,3074168.0,0.48,3.19
09/01/2021,Sep,2021,270461.0,2340750.0,3087097.0,0.42,4.18
10/01/2021,Oct,2021,277877.0,2618627.0,3098378.0,0.37,5.17
11/01/2021,Nov,2021,260433.0,2879060.0,3120511.0,0.71,6.72
12/01/2021,Dec,2021,261028.0,3140088.0,3140088.0,0.63,8.14
01/01/2022,Jan,2022,236055.0,236055.0,3151184.0,0.35,9.88
02/01/2022,Feb,2022,231137.0,467193.0,3175161.0,0.76,12.11
03/01/2022,Mar,2022,271869.0,739062.0,3184965.0,0.31,11.07
04/01/2022,Apr,2022,258001.0,997063.0,3190749.0,0.18,8.08
05/01/2022,May,2022,282678.0,1279741.0,3196788.0,0.19,6.28
06/01/2022,Jun,2022,277059.0,1556800.0,3194638.0,-0.07,5.2
07/01/2022,Jul,2022,281976.0,1838776.0,3188171.0,-0.2,4.2
08/01/2022,Aug,2022,284347.0,2123123.0,3192922.0,0.15,3.86
09/01/2022,Sep,2022,275638.0,2398760.0,3198098.0,0.16,3.6
10/01/2022,Oct,2022,280673.0,2679433.0,3200894.0,0.09,3.31
11/01/2022,Nov,2022,258728.0,2938161.0,3199189.0,-0.05,2.52
12/01/2022,Dec,2022,258030.0,3196191.0,3196191.0,-0.09,1.79
01/01/2023,Jan,2023,248718.0,248718.0,3208854.0,0.4,1.83
02/01/2023,Feb,2023,236170.0,484889.0,3213887.0,0.16,1.22
03/01/2023,Mar,2023,272758.0,757647.0,3214777.0,0.03,0.94
04/01/2023,Apr,2023,267308.0,1024955.0,3224083.0,0.29,1.04
05/01/2023,May,2023,289640.0,1305951.0,3222401.0,-0.05,0.8
06/01/2023,Jun,2023,285605.0,1591555.0,3230946.0,0.27,1.14
07/01/2023,Jul,2023,289796.0,1881351.0,3238766.0,0.24,1.59
08/01/2023,Aug,2023,290916.0,2172267.0,3245335.0,0.2,1.64
09/01/2023,Sep,2023,278035.0,2450302.0,3247733.0,0.07,1.55
10/01/2023,Oct,2023,284049.0,2734351.0,3251109.0,0.1,1.57
11/01/2023,Nov,2023,265139.0,2999490.0,3257520.0,0.2,1.82
12/01/2023,Dec,2023,258680.0,3246817.0,3246817.0,-0.33,1.58
01/01/2024,Jan,2024,246434.0,246434.0,3244533.0,-0.07,1.11
02/01/2024,Feb,2024,241014.0,487448.0,3249377.0,0.15,1.1
03/01/2024,Mar,2024,274585.0,762034.0,3251204.0,0.06,1.13
04/01/2024,Apr,2024,273224.0,1035258.0,3257120.0,0.18,1.02
05/01/2024,May,2024,293412.0,1320023.0,3277150.0,0.61,1.7
06/01/2024,Jun,2024,284514.0,1604623.0,3276145.0,-0.03,1.4
07/01/2024,Jul,2024,293344.0,1897967.0,3279693.0,0.11,1.26
08/01/2024,Aug,2024,294234.0,2192170.0,3282981.0,0.1,1.16
09/01/2024,Sep,2024,277804.0,2469981.0,3282757.0,-0.01,1.08
10/01/2024,Oct,2024,291939.0,2762034.0,3290760.0,0.24,1.22
11/01/2024,Nov,2024,266078.0,3028115.0,3291702.0,0.03,1.05
12/01/2024,Dec,2024,263012.0,3279079.0,3279079.0,-0.38,0.99
01/01/2025,Jan,2025,251270.0,251270.0,3283887.0,0.15,1.21
02/01/2025,Feb,2025,237323.0,488534.0,3280149.0,-0.11,0.95
03/01/2025,Mar,2025,277632.0,766324.0,3283354.0,0.1,0.99
04/01/2025,Apr,2025,277296.0,1043519.0,3287344.0,0.12,0.93
